{"stats":{"minecraft:custom":{"minecraft:jump":656,"minecraft:time_since_rest":39225,"minecraft:crouch_one_cm":1178,"minecraft:leave_game":1,"minecraft:sprint_one_cm":48643,"minecraft:play_time":39225,"minecraft:walk_on_water_one_cm":4149,"minecraft:time_since_death":39225,"minecraft:walk_one_cm":5319,"minecraft:sneak_time":293,"minecraft:total_world_time":39225,"minecraft:walk_under_water_one_cm":56,"minecraft:swim_one_cm":1186,"minecraft:fly_one_cm":364361},"minecraft:mined":{"minecraft:tall_grass":1}},"DataVersion":3839}