{"stats":{"minecraft:used":{"minecraft:flint_and_steel":2},"minecraft:custom":{"minecraft:jump":40,"minecraft:time_since_rest":7355,"minecraft:damage_dealt":10,"minecraft:leave_game":1,"minecraft:sprint_one_cm":19345,"minecraft:play_time":7355,"minecraft:walk_on_water_one_cm":208,"minecraft:time_since_death":7355,"minecraft:walk_one_cm":1676,"minecraft:sneak_time":26,"minecraft:total_world_time":7355,"minecraft:walk_under_water_one_cm":77,"minecraft:mob_kills":11,"minecraft:swim_one_cm":311,"minecraft:drop":1,"minecraft:fly_one_cm":122556},"minecraft:killed":{"minecraft:sheep":7,"minecraft:creeper":1,"minecraft:zombie_villager":1,"minecraft:salmon":2},"minecraft:picked_up":{"minecraft:dirt":58},"minecraft:dropped":{"minecraft:dirt":58}},"DataVersion":3465}