{"stats":{"minecraft:custom":{"minecraft:jump":80,"minecraft:open_chest":2,"minecraft:time_since_rest":5715,"minecraft:crouch_one_cm":224,"minecraft:leave_game":2,"minecraft:play_time":5715,"minecraft:sprint_one_cm":5417,"minecraft:walk_on_water_one_cm":279,"minecraft:time_since_death":5715,"minecraft:walk_one_cm":1615,"minecraft:sneak_time":208,"minecraft:climb_one_cm":2248,"minecraft:total_world_time":5715,"minecraft:fly_one_cm":83289,"minecraft:interact_with_brewingstand":2},"minecraft:used":{"minecraft:splash_potion":1}},"DataVersion":3839}