{"stats":{"minecraft:used":{"minecraft:flint_and_steel":2,"minecraft:stone":2},"minecraft:custom":{"minecraft:time_since_rest":10624,"minecraft:sprint_one_cm":21009,"minecraft:play_time":10624,"minecraft:walk_one_cm":2369,"minecraft:sneak_time":30,"minecraft:walk_under_water_one_cm":77,"minecraft:mob_kills":11,"minecraft:drop":2,"minecraft:jump":52,"minecraft:damage_dealt":10,"minecraft:leave_game":2,"minecraft:walk_on_water_one_cm":208,"minecraft:time_since_death":10624,"minecraft:total_world_time":10624,"minecraft:swim_one_cm":311,"minecraft:fly_one_cm":163943},"minecraft:picked_up":{"minecraft:dirt":58},"minecraft:dropped":{"minecraft:dirt":58,"minecraft:stone":1},"minecraft:killed":{"minecraft:sheep":7,"minecraft:zombie_villager":1,"minecraft:creeper":1,"minecraft:salmon":2}},"DataVersion":3465}