{
  "minecraft:recipes/decorations/crafting_table": {
    "criteria": {
      "unlock_right_away": "2024-06-02 16:19:32 +0000"
    },
    "done": true
  },
  "minecraft:adventure/adventuring_time": {
    "criteria": {
      "minecraft:cold_ocean": "2024-06-02 16:19:55 +0000",
      "minecraft:frozen_ocean": "2024-06-02 16:20:54 +0000",
      "minecraft:beach": "2024-06-02 16:20:07 +0000",
      "minecraft:frozen_river": "2024-06-02 16:21:51 +0000",
      "minecraft:forest": "2024-06-02 16:20:08 +0000",
      "minecraft:deep_frozen_ocean": "2024-06-02 16:23:20 +0000",
      "minecraft:stony_shore": "2024-06-02 16:19:32 +0000",
      "minecraft:snowy_plains": "2024-06-02 16:20:16 +0000",
      "minecraft:plains": "2024-06-02 16:19:52 +0000"
    },
    "done": false
  },
  "minecraft:recipes/transportation/mangrove_boat": {
    "criteria": {
      "in_water": "2024-06-02 16:21:55 +0000"
    },
    "done": true
  },
  "minecraft:recipes/transportation/acacia_boat": {
    "criteria": {
      "in_water": "2024-06-02 16:21:55 +0000"
    },
    "done": true
  },
  "minecraft:recipes/transportation/cherry_boat": {
    "criteria": {
      "in_water": "2024-06-02 16:21:55 +0000"
    },
    "done": true
  },
  "minecraft:recipes/transportation/bamboo_raft": {
    "criteria": {
      "in_water": "2024-06-02 16:21:55 +0000"
    },
    "done": true
  },
  "minecraft:recipes/transportation/spruce_boat": {
    "criteria": {
      "in_water": "2024-06-02 16:21:55 +0000"
    },
    "done": true
  },
  "minecraft:recipes/transportation/birch_boat": {
    "criteria": {
      "in_water": "2024-06-02 16:21:55 +0000"
    },
    "done": true
  },
  "minecraft:recipes/transportation/oak_boat": {
    "criteria": {
      "in_water": "2024-06-02 16:21:55 +0000"
    },
    "done": true
  },
  "minecraft:recipes/transportation/jungle_boat": {
    "criteria": {
      "in_water": "2024-06-02 16:21:55 +0000"
    },
    "done": true
  },
  "minecraft:recipes/transportation/dark_oak_boat": {
    "criteria": {
      "in_water": "2024-06-02 16:21:55 +0000"
    },
    "done": true
  },
  "DataVersion": 3839
}